{
  "version": "3.5.0-beta.11",
  "npmClient": "yarn",
  "useWorkspaces": true,
  "changelog": {
    "repo": "umijs/umi-next",
    "labels": {
      "pr(enhancement)": ":rocket: Enhancement",
      "pr(bug)": ":bug: Bug Fix",
      "pr(documentation)": ":book: Documentation",
      "pr(dependency)": ":deciduous_tree: Dependency",
      "pr(chore)": ":turtle: Chore"
    },
    "cacheDir": ".changelog"
  },
  "ignoreChanges": [
    "**/*.md",
    "**/*.test.ts",
    "**/*.e2e.ts",
    "**/fixtures/**",
    "**/test/**"
  ]
}
