{
  "success": true,
  "message": "查询成功",
  "code": 200,
  "result": {
    "allAuth": [
      {
        "action": "user:view",
        "describe": "查看用户按钮",
        "type": "1"
      },
      {
        "action": "user:update",
        "describe": "添加/编辑用户按钮",
        "type": "1"
      }
    ],
    "auth": [
      {
        "action": "user:view",
        "describe": "查看用户按钮",
        "type": "1"
      }
    ],
    "menu": [
      {
        "path": "/home",
        "meta": {
          "icon": "UserOutlined",
          "title": "首页"
        },
        "name": "home",
        "id": "9502685863ab87f0ad1134142788a385"
      },
      {
        "path": "/system",
        "meta": {
          "icon": "UserOutlined",
          "title": "系统管理"
        },
        "name": "system",
        "id": "d7d6e2e4e2934f2c9385a623fd98c6f3",
        "children": [
          {
            "path": "/system/user",
            "meta": {
              "icon": "UserOutlined",
              "title": "用户管理"
            },
            "name": "systemUser",
            "id": "3f915b2769fc80648e92d04e84ca059d"
          },
          {
            "path": "/system/role",
            "meta": {
              "icon": "UserOutlined",
              "title": "角色管理"
            },
            "name": "systemRole",
            "id": "190c2b43bec6a5f7a4194a85db67d96a"
          },
          {
            "path": "/system/menu",
            "meta": {
              "icon": "UserOutlined",
              "title": "菜单管理"
            },
            "name": "systemMenu",
            "id": "54dd5457a3190740005c1bfec55b1c34"
          },
          {
            "path": "/system/depart",
            "meta": {
              "icon": "UserOutlined",
              "title": "部门管理"
            },
            "name": "systemDepart",
            "id": "45c966826eeff4c99b8f8ebfe74511fc"
          },
          {
            "path": "/system/dict",
            "meta": {
              "icon": "UserOutlined",
              "title": "字典管理"
            },
            "name": "systemDict",
            "id": "f1cb187abf927c88b89470d08615f5ac"
          }
        ]
      }
    ]
  },
  "timestamp": 1611621678293
}